name,city,address,award
Goldee's Barbecue,Fort Worth,4645 Dick Price Rd,2017_texasmonthly
Interstellar BBQ,Austin,12233 Ranch Rd 620 N #105,2017_texasmonthly
Truth Barbeque,Houston,110 S Heights Blvd,2017_texasmonthly
Burnt Bean Co.,Seguin,108 S Austin St,2017_texasmonthly
LeRoy & Lewis Barbecue,Austin,121 Pickle Rd,2017_texasmonthly
Cattleack Barbeque,Dallas,13628 Gamma Rd,2017_texasmonthly
Franklin Barbecue,Austin,900 E 11th St,2017_texasmonthly
Evie Mae’s Pit Barbecue,Wolfforth,217 US-62,2017_texasmonthly
Snow’s BBQ,Lexington,516 Main St,2017_texasmonthly
Panther City BBQ,Fort Worth,201 E Hattie St,2017_texasmonthly
1701 Barbecue,Beaumont,1701 Calder Ave,2017_texasmonthly
2M Smokehouse,San Antonio,2731 S WW White Rd,2017_texasmonthly
Baker Boys BBQ,Gonzales,1404 Sarah DeWitt Dr,2017_texasmonthly
Blood Bros. BBQ,Bellaire,5425 Bellaire Blvd,2017_texasmonthly
Brett's Backyard Bar-B-Que,Rockdale,449 W Cameron Ave,2017_texasmonthly
Brett's BBQ Shop,Katy,606 Mason Rd,2017_texasmonthly
Brotherton's Black Iron Barbecue,Pflugerville,15608 Spring Hill Ln #105,2017_texasmonthly
Butter's BBQ,Mathis,104 TX-359,2017_texasmonthly
Convenience West,Marfa,1411 W San Antonio St,2017_texasmonthly
Corkscrew BBQ,Spring,26608 Keith St,2017_texasmonthly
Dayne's Craft Barbecue,Fort Worth,2735 W 5th St,2017_texasmonthly
Desert Oak Barbecue,El Paso,1320 N Zaragoza Rd #105,2017_texasmonthly
Distant Relatives,Austin,3901 Promontory Point Dr,2017_texasmonthly
Eaker Barbecue,Fredericksburg,607 W Main St,2017_texasmonthly
Feges BBQ,Houston,8217 Long Point Rd,2017_texasmonthly
Guess Family Barbecue,Waco,2803 Franklin Ave,2017_texasmonthly
Hay’s County Barbeque,San Marcos,1612 S Interstate 35,2017_texasmonthly
Helberg Barbecue,Woodway,8532 Hwy 6,2017_texasmonthly
Hurtado Barbecue,Arlington,205 E Front St,2017_texasmonthly
Hutchins BBQ,McKinney,1301 N Tennessee St,2017_texasmonthly
Killen’s Barbecue,Pearland,3613 E Broadway St,2017_texasmonthly
La Barbecue,Austin,2401 E Cesar Chavez St,2017_texasmonthly
LaVaca BBQ,Port Lavaca,532 N Virginia St,2017_texasmonthly
LJ's BBQ,Brenham,1407 W Main St,2017_texasmonthly
Louie Mueller Barbecue,Taylor,206 W 2nd St,2017_texasmonthly
Micklethwait Craft Meats,Austin,1309 Rosewood Ave,2017_texasmonthly
Miller’s Smokehouse,Belton,300 E Central Ave,2017_texasmonthly
Mimsy's Craft Barbecue,Crockett,1979 S 5th St,2017_texasmonthly
Pinkerton’s Barbecue,San Antonio,107 W Houston St,2017_texasmonthly
Rejino Barbeque,Olton,514 8th St,2017_texasmonthly
Slow Bone,Dallas,2234 Irving Blvd,2017_texasmonthly
Smoke-A-Holics BBQ,Fort Worth,1417 Evans Ave,2017_texasmonthly
Smokey Joe's BBQ,Dallas,6403 S R L Thornton Fwy,2017_texasmonthly
Stanley’s Famous Pit Barbecue,Tyler,525 S Beckham Ave,2017_texasmonthly
Teddy's Barbecue,Weslaco,2807 Texas Blvd N,2017_texasmonthly
Tejas Chocolate Craftory,Tomball,200 N Elm St,2017_texasmonthly
Terry Black’s Barbecue,Dallas,3025 Main St,2017_texasmonthly
Valentina’s Tex Mex BBQ,Austin,11500 Manchaca Rd,2017_texasmonthly
Vera’s Backyard Bar-B-Que,Brownsville,2404 Southmost Rd,2017_texasmonthly
Zavala's Barbecue,Grand Prairie,421 W Main St,2017_texasmonthly
1701 Barbecue,Beaumont,1701 Calder Ave,2021_texasmonthly
2M Smokehouse,San Antonio,2731 S. WW White Rd,2021_texasmonthly
Baker Boys BBQ,Gonzales,1404 N. Sarah DeWitt Dr,2021_texasmonthly
Blood Bros. BBQ,Bellaire,5425 Bellaire Blvd,2021_texasmonthly
Brett’s Backyard Bar-B-Que,Rockdale,449 W. Cameron Ave,2021_texasmonthly
Brett’s BBQ Shop,Katy,606 S. Mason Rd,2021_texasmonthly
Brotherton’s Black Iron Barbecue,Pflugerville,15608 Spring Hill Ln,2021_texasmonthly
Burnt Bean Co.,Seguin,108 S. Austin,2021_texasmonthly
Butter’s BBQ,Mathis,104 Texas Hwy 359,2021_texasmonthly
Cattleack Barbeque,Dallas,13628 Gamma Rd,2021_texasmonthly
Convenience West,Marfa,1411 W. San Antonio,2021_texasmonthly
CorkScrew BBQ,Spring,26608 Keith,2021_texasmonthly
Dayne’s Craft Barbecue,Fort Worth,2735 W. 5th,2021_texasmonthly
Desert Oak Barbecue,El Paso,1320 N. Zaragoza Rd,2021_texasmonthly
Distant Relatives,Austin,3901 Promontory Point Dr,2021_texasmonthly
Eaker Barbecue,Fredericksburg,607 W. Main,2021_texasmonthly
Evie Mae’s Pit Barbeque,Wolfforth,217 U.S. 62,2021_texasmonthly
Feges BBQ,Houston,8217 Long Point Rd,2021_texasmonthly
Franklin Barbecue,Austin,900 E. 11th,2021_texasmonthly
Goldee’s Barbecue,Fort Worth,4645 Dick Price Rd,2021_texasmonthly
Guess Family Barbecue,Waco,2803 Franklin Ave,2021_texasmonthly
Hays Co. Bar-B-Que & Catering,San Marcos,1612 S. I-35,2021_texasmonthly
Helberg Barbecue,Woodway,8532 N. Texas Hwy 6,2021_texasmonthly
Hurtado Barbecue,Arlington,205 E. Front,2021_texasmonthly
Hutchins BBQ,Frisco,9225 Preston Rd,2021_texasmonthly
InterStellar BBQ,Austin,12233 RR 620 N.,2021_texasmonthly
Killen’s Barbecue,Pearland,3613 Broadway,2021_texasmonthly
La Barbecue,Austin,2401 E. Cesar Chavez,2021_texasmonthly
LaVaca BBQ,Port Lavaca,532 N. Virginia,2021_texasmonthly
LeRoy and Lewis Barbecue,Austin,121 Pickle Rd,2021_texasmonthly
LJ’s BBQ,Brenham,1407 W. Main,2021_texasmonthly
Louie Mueller Barbecue,Taylor,206 W. 2nd,2021_texasmonthly
Micklethwait Craft Meats,Austin,1309 Rosewood Ave,2021_texasmonthly
Miller’s Smokehouse,Belton,300 E. Central Ave,2021_texasmonthly
Mimsy’s Craft Barbecue,Crockett,1979 S. 5th,2021_texasmonthly
Panther City BBQ,Fort Worth,201 E. Hattie,2021_texasmonthly
Pinkerton’s Barbecue,San Antonio,107 W. Houston,2021_texasmonthly
Rejino Barbeque,Olton,514 8th,2021_texasmonthly
Slow Bone,Dallas,2234 Irving Blvd,2021_texasmonthly
Smoke-A-Holics BBQ,Fort Worth,1417 Evans Ave,2021_texasmonthly
Smokey Joe’s BBQ,Dallas,6403 S. R. L. Thornton Fwy,2021_texasmonthly
Snow’s BBQ,Lexington,516 Main,2021_texasmonthly
Stanley’s Famous Pit Barbecue,Tyler,525 S. Beckham Ave,2021_texasmonthly
Teddy’s Barbecue,Weslaco,2807 N. Texas Blvd,2021_texasmonthly
Tejas Chocolate + Barbecue,Tomball,200 N. Elm,2021_texasmonthly
Terry Black’s Barbecue,Dallas,3025 Main,2021_texasmonthly
Truth Barbeque,Houston,110 S. Heights Blvd,2021_texasmonthly
Valentina’s Tex Mex BBQ,Austin,11500 Menchaca Rd,2021_texasmonthly
Vera’s Backyard Bar-B-Que,Brownsville,2404 Southmost Blvd,2021_texasmonthly
Zavala’s Barbecue,Grand Prairie,421 W. Main,2021_texasmonthly
Jay’s BBQ Shack,abilene,602 S. 11th,2025_texasmonthly
Dayne’s Craft Barbecue,aledo,100 S. Front,2025_texasmonthly
InterStellar BBQ,austin,12233 Ranch Rd 620 N.,2025_texasmonthly
LeRoy and Lewis Barbecue,austin,5621 Emerald Forest Dr,2025_texasmonthly
Briscuits,austin,4204 Menchaca Rd,2025_texasmonthly
Franklin Barbecue,austin,900 E. 11th,2025_texasmonthly
KG BBQ,austin,3108 Manor Rd,2025_texasmonthly
La Barbecue,austin,2401 E. Cesar Chavez,2025_texasmonthly
Mum Foods Smokehouse and Delicatessen,austin,5811 Manor Rd,2025_texasmonthly
Stiles Switch BBQ,austin,6610 N. Lamar Blvd,2025_texasmonthly
1701 Barbecue,beaumont,1701 Calder Ave,2025_texasmonthly
Miller’s Smokehouse,belton,300 E. Central Ave,2025_texasmonthly
LJ’s BBQ,brenham,1407 W. Main,2025_texasmonthly
Mimsy’s Craft Barbecue,crockett,1979 S. 5th,2025_texasmonthly
Slow Bone BBQ,dallas,2234 Irving Blvd,2025_texasmonthly
Smokey Joe’s BBQ,dallas,6403 S. R.L. Thornton Fwy,2025_texasmonthly
North Texas Smoke BBQ,decatur,2601 U.S. 287,2025_texasmonthly
Cattleack Barbeque,farmers branch,13628 Gamma Rd,2025_texasmonthly
Smoak Town BBQ,fate,107 Elmhurst Ln,2025_texasmonthly
Goldee’s Barbecue,fort worth,4645 Dick Price Rd,2025_texasmonthly
Sabar BBQ,fort worth,105 S. Main,2025_texasmonthly
Panther City BBQ,fort worth,201 E. Hattie,2025_texasmonthly
Rossler’s Blue Cord Barbecue,harker heights,300 Morgan,2025_texasmonthly
Truth Barbeque,houston,110 S. Heights Blvd,2025_texasmonthly
Brisket & Rice,houston,13111 FM 529,2025_texasmonthly
Pinkerton’s Barbecue,houston,1504 Airline,2025_texasmonthly
Snow’s BBQ,lexington,516 Main,2025_texasmonthly
Barbs B Q,lockhart,102 E. Market,2025_texasmonthly
Sunbird Barbecue,longview,415 N. High,2025_texasmonthly
B4 Barbeque,mabank,1100 N. Third,2025_texasmonthly
The Half Acre,midland,1101 Washita Ct,2025_texasmonthly
Bar-A-BBQ,montgomery,21149 Eva,2025_texasmonthly
Jennings & Co. BBQ,montgomery,16050 Walden Rd,2025_texasmonthly
Brendyn’s BBQ,nacogdoches,601 E. Main,2025_texasmonthly
Rejino Barbeque,olton,609 Seventh,2025_texasmonthly
Yearby’s Barbecue & Waterice,pilot point,209 S. Washington,2025_texasmonthly
LaVaca BBQ,port lavaca,532 N. Virginia,2025_texasmonthly
Redbird BBQ,port neches,1104 Port Neches Ave,2025_texasmonthly
2M Smokehouse,san antonio,2731 S. WW White Rd,2025_texasmonthly
Reese Bros Barbecue,san antonio,906 Hoefgen Ave,2025_texasmonthly
GW’s BBQ,san juan,107 N. Nebraska Ave,2025_texasmonthly
Burnt Bean Co.,seguin,108 S. Austin,2025_texasmonthly
Butter’s BBQ,sinton,713 E. Sinton,2025_texasmonthly
CorkScrew BBQ,spring,26608 Keith,2025_texasmonthly
Rosemeyer Bar-B-Q,spring,2111 Riley Fuzzel Rd,2025_texasmonthly
Slaughter’s BBQ,sulphur springs,107 Magnolia,2025_texasmonthly
Louie Mueller Barbecue,taylor,206 W. Second,2025_texasmonthly
Teddy’s Barbecue,weslaco,2807 N. Texas Blvd,2025_texasmonthly
Evie Mae’s Pit Barbeque,wolfforth,217 U.S. 62,2025_texasmonthly
Helberg Barbecue,woodway,7809 N. Texas Hwy 6,2025_texasmonthly